1000,admin,Konrad,knrd,adm,,,,,,,,
1001,admin,Inez Butler,adm,adm,,,,,,,,
1002,user,Simon Beck,Irene,ON3JE5,0,15/12/1969,Ap #387-9026 Taciti St.,Gladstone,(012992) 42333,25/05/2019,,9
1003,user,Gretchen Soto,Brenna,QH6WX5,0,11/04/1988,5248 Est. St.,Saint-Vincent,(027) 5152 1452,05/05/2019,,13
1004,user,Sloane Shaffer,Libby,QS7BF5,0,24/01/1978,1598 Vestibulum. Rd.,Gaggio Montano,070 5349 7596,06/07/2019,,14
1005,user,Leroy Munoz,Kylie,AM5MS1,0,08/07/1951,1497 Parturient Avenue,Silius,0800 718011,24/10/2019,,6
1006,user,Ethan Hoover,Wing,KK7IV7,0,10/11/1982,"P.O. Box 962, 9033 A, Av.",DoÃ±ihue,0800 1111,29/07/2019,,8
1007,user,Cassidy Vasquez,Libby,IV4NP8,0,01/11/1986,"214-1487 Placerat, St.",San Juan Cesar,(014156) 13779,11/07/2019,,14
1008,user,Palmer Orr,Chase,JL6TE3,0,06/12/1978,Ap #371-1274 Convallis Ave,Buin,0800 327 2914,24/08/2019,,4
1009,user,Julie Garza,Leo,YK9CE2,0,23/06/1951,Ap #471-6786 Ac Avenue,Zielona GÃ³ra,(01941) 32974,21/08/2019,,13
1010,user,Andrew Velez,Sloane,LD5NF4,0,29/04/1970,Ap #468-3289 Dictum Rd.,Buzenol,07624 006677,22/04/2019,,7
1011,user,Fiona Drake,Quinlan,NI3BJ5,0,09/05/1981,919 Et Road,Chatillon,07624 712859,22/02/2020,,9
1012,user,Tobias Sims,Ian,IU3GF7,0,06/05/1997,"Ap #468-4633 Elementum, St.",Kakisa,0800 1111,13/05/2019,,6
1013,user,Philip Hahn,James,QY2IY8,0,06/02/1958,"3211 Fringilla, Street",Madiun,(01359) 243195,28/09/2019,,6
1014,user,Tanisha White,Iliana,SK2WJ0,0,23/05/1962,563-6078 Sit St.,Tryokhgorny,(0113) 828 1967,02/07/2019,,11
1015,user,Jamalia Harrington,Zahir,AO1OO8,0,14/06/1996,Ap #503-877 Aptent St.,Oromocto,070 0087 6565,30/05/2019,,8
1016,user,Rhona Morse,Lysandra,BJ9ZO9,0,22/11/1962,2915 Accumsan Street,Coreglia,070 0087 6732,03/03/2019,,8
1017,user,Paula Tran,Edan,RX9CV4,0,28/05/1981,433 Orci Rd.,Hoogstraten,(01338) 955744,13/05/2019,,11
1018,user,Emmanuel Turner,Amal,JF4CN6,0,13/07/1990,2008 Donec Street,Camarones,(0171) 533 7305,28/08/2019,,9
1019,user,Colt Finch,Dustin,FZ8MR8,0,25/12/1972,718-1215 Velit Street,Lehrte,0800 336453,04/07/2019,,6
1020,user,Prescott Peck,Axel,YK2VG0,0,06/08/1952,728-4637 Sodales Road,Bikaner,070 2494 7238,27/09/2019,,7
1021,user,Shelley Noel,Liberty,SP7KI7,0,24/08/1985,"P.O. Box 116, 647 Eu Av.",Maubeuge,(016977) 6653,27/06/2019,,8
1022,user,Lance Griffin,Baker,DD2DV0,0,24/11/1988,Ap #471-5898 Maecenas Rd.,Birmingham,0845 46 42,07/06/2019,,10
1023,user,Clark Nielsen,Alisa,LN0BK0,0,26/01/1955,2032 Quisque St.,Baileux,(01396) 967691,22/04/2019,,7
1024,user,Zephania Wise,Lysandra,SS3CG5,0,06/12/1951,Ap #630-2860 Quisque Ave,BertrÅ½e,0923 139 7258,28/07/2019,,8
1025,user,Luke Warner,Sandra,ZT5PG2,0,11/02/1964,Ap #190-2215 Egestas Road,Melsele,0925 120 2277,07/07/2019,,7
1026,user,Donna Noble,Sasha,GY8PZ5,0,24/10/1958,620-4632 Mauris Road,Marcedusa,076 3497 0122,03/04/2019,,9
1027,user,Serena Garza,Ignacia,LU1PD6,0,10/06/1976,"Ap #962-9053 Id, Ave",San Calogero,056 7369 4278,23/10/2019,,12
1028,user,Cara Ewing,Kuame,VC1AS8,0,03/10/1972,888-3949 Dignissim Road,Perquenco,0845 46 45,27/12/2019,,9
1029,user,Rhea Ewing,Samuel,OH6WT8,0,21/10/1969,8238 Vel Rd.,Independence,070 4374 5381,19/12/2019,,12
1030,user,Farrah Matthews,Branden,CX0FM5,0,21/05/1963,1924 Integer Av.,Kleinmachnow,07320 127063,24/08/2019,,12
1031,user,Amela Conner,Candice,DC5EI8,0,14/12/1983,Ap #548-6307 Phasellus Street,Silvassa,(010772) 47647,29/05/2019,,8
1032,user,Aurelia Flowers,Igor,PR0IW7,0,10/12/2001,321-5433 Scelerisque Street,Pescantina,(016977) 7436,01/11/2019,,10
1033,user,Heidi Forbes,Keaton,DV7OY1,0,23/02/1992,5593 Tortor. Rd.,Manado,070 6347 0006,17/11/2019,,6
1034,user,Abra Mckee,Channing,EC7BX4,0,03/01/1962,Ap #934-5106 Mauris. Road,Roccabruna,(0171) 415 9097,15/09/2019,,10
1035,user,Colleen Moody,Kelsey,YO9HA4,0,23/09/1966,Ap #396-4355 Parturient Rd.,ChapecÃ³,0500 005423,27/12/2019,,8
1036,user,Joshua Morton,Lawrence,ZV0BF9,0,20/04/1979,303-9645 Nulla Avenue,Richmond Hill,(01226) 27354,04/01/2020,,13
1037,user,Amal Waller,Nero,OE1ED1,0,14/09/1976,752-4165 Habitant Road,Topeka,0845 46 47,15/03/2019,,6
1038,user,Shelby Valentine,Merrill,EO7DI5,0,03/01/1984,956-2705 Dolor Avenue,Saint-des-Vosges,0342 801 8210,01/05/2019,,16
1039,user,Leonard Summers,Colorado,UJ6PH3,0,15/07/1993,Ap #348-6929 Sem St.,LabuissiÂre,(016977) 4177,30/09/2019,,12
1040,user,Cole Rush,Victor,RS4XI9,0,08/12/1970,"850-3940 Fringilla, Road",Wetteren,0879 665 9911,27/09/2019,,8
1041,user,Noelani Hodges,Cecilia,GK1VZ5,0,03/04/1997,4602 Nunc Street,Llandovery,(01485) 318642,23/06/2019,,10
1042,user,Ira Mueller,Charles,TD3TZ5,0,21/01/1997,542-5699 Donec St.,Olivola,(0119) 069 9379,08/10/2019,,7
1043,user,Peter Cleveland,Samantha,EK5JK5,0,15/06/2000,Ap #229-4542 Nulla Street,Calder,(01005) 39589,04/08/2019,,6
1044,user,Justina Sullivan,Yael,TU6EH5,0,10/03/1953,"P.O. Box 135, 8163 Arcu. Rd.",Columbia,055 6255 0794,03/02/2020,,8
1045,user,Harding Roth,Tobias,HB7LW4,0,01/05/1984,Ap #229-3223 Duis St.,Bomal,(01730) 20357,25/05/2019,,5
1046,user,Zeph Alvarado,Jaime,YH4SV4,0,18/01/1998,7047 Porttitor Av.,Belmont,056 7379 6319,30/06/2019,,7
1047,user,Andrew Erickson,Ian,EG4AG6,0,26/04/1975,1731 Risus. St.,Broxburn,0800 994 6342,14/11/2019,,8
1048,user,Kermit Lester,Duncan,GG4EN5,0,28/10/1974,"Ap #402-5802 Quis, Road",Beaumont,07854 703742,08/12/2019,,8
1049,user,Reed Martin,Maggy,IW2TJ0,0,05/06/1992,"P.O. Box 651, 7349 Donec Rd.",Paderborn,056 4710 9353,09/07/2019,,9
1050,user,Azalia Burnett,Ronan,WE9EL1,0,18/01/1965,Ap #922-2047 Odio St.,Cholchol,(027) 0709 6883,04/11/2019,,8
1051,user,Raphael Hooper,Sonya,XT3RK8,0,08/12/1954,Ap #280-7919 Adipiscing St.,Juazeiro,076 4940 1599,19/07/2019,,8
1052,user,Zachary Kaufman,Illana,BF6IX6,0,18/05/1984,Ap #140-5370 Neque. Avenue,Asse,056 1483 4631,28/02/2019,,4
1053,user,Erich Sloan,Madeline,JE3UQ5,0,19/05/1996,9486 Gravida Rd.,Port Hope,0845 46 47,16/03/2019,,9
1054,user,Jerry Gross,Shea,IG4LL2,0,09/06/1959,"Ap #996-7574 Amet, Ave",Ulhasnagar,056 9087 2558,26/06/2019,,10
1055,user,Quyn Park,Tanner,VA2DS0,0,04/10/1976,"P.O. Box 394, 1648 Massa. Rd.",Columbia,056 6411 0241,27/06/2019,,8
1056,user,Florence Neal,Tyrone,ZO3ZW8,0,02/03/1978,7383 Vel Av.,Beez,07624 365290,30/08/2019,,4
1057,user,Patrick Burch,Brady,PX7EO9,0,04/03/1984,Ap #588-1775 Blandit Rd.,Halkirk,0500 155085,31/08/2019,,7
1058,user,Branden Rowland,Audra,VR4YD0,0,24/01/1997,"P.O. Box 713, 5166 Quam Rd.",GÃ¼strow,056 3288 2382,05/09/2019,,8
1059,user,Taylor Trevino,Lee,IN4IM4,0,02/01/1961,"Ap #570-2544 A, Rd.",Denijs-Westrem,0800 065283,13/10/2019,,14
1060,user,Ella Hudson,Jeremy,DL8ED9,0,28/11/1995,"973-5513 Eget, Avenue",Lobnya,0800 171 0977,06/09/2019,,6
1061,user,Germane Strong,Brent,JJ4BO8,0,20/08/1997,433-760 Egestas. Ave,Colchane,0800 1111,01/03/2019,,8
1062,user,Shay Baird,Lana,RY5SV7,0,26/09/1994,1291 Lacus. Rd.,Khanpur,(01053) 58985,30/11/2019,,7
1063,user,Wayne Perkins,Zoe,SH4SY2,0,31/05/1972,"P.O. Box 889, 1951 Ornare Rd.",Klintsy,0800 939 5750,29/12/2019,,7
1064,user,Bradley Melendez,Myles,WG8ZN9,0,21/03/1965,694-3779 Nunc Ave,Malle,055 7786 5965,26/10/2019,,5
1065,user,Arden Holmes,Tatiana,GJ5CD9,0,02/12/1989,172-7500 Quisque Avenue,Rawalakot,076 2400 9235,10/02/2020,,9
1066,user,Lawrence Carver,Finn,BO2UF6,0,07/02/1965,4639 Orci Ave,Tambov,07624 712541,25/03/2019,,6
1067,user,Dacey Turner,Wesley,CG9YZ6,0,13/09/1990,5826 Pellentesque. Av.,Goderich,056 6708 6910,24/11/2019,,8
1068,user,Germane Bowen,Haviva,UD3MT6,0,10/01/1970,8730 Sagittis. Avenue,New Maryland,0800 039 3397,03/11/2019,,12
1069,user,Hedley Parrish,Garrett,TG6NM4,0,25/08/1986,"P.O. Box 623, 8799 In Av.",San Javier,055 4859 5815,23/11/2019,,10
1070,user,Derek Short,Cameran,OD9PP1,0,16/10/1961,320-2924 Proin Av.,Fatehpur,0800 299 9910,12/07/2019,,8
1071,user,William Smith,Judith,BG6PD9,0,09/03/1972,Ap #777-6290 Dis St.,Fogliano Puglia,070 9474 1452,07/03/2019,,15
1072,user,Ray Greer,Ignatius,AL0ZV9,0,01/11/1969,207-8934 Morbi St.,Busan,(016977) 3677,08/03/2019,,5
1073,user,Bruce Ashley,Zane,RY4RB1,0,02/08/1990,Ap #669-3767 Ac Rd.,Gasteiz,0800 1111,18/07/2019,,7
1074,user,Miranda Wilkinson,Indira,EK8IC6,0,10/03/1970,Ap #886-1107 Tempus Rd.,Springfield,07624 167255,01/04/2019,,11
1075,user,Fatima Robinson,Samson,CR5PD6,0,18/08/1992,598-2342 Mi Avenue,La Roche,0800 610 6843,24/09/2019,,8
1076,user,Phyllis Moody,Uma,PO2PU6,0,05/11/1950,Ap #800-1849 Amet Road,Nederokkerzeel,(024) 9218 2185,03/05/2019,,14
1077,user,Dorothy Robinson,Colt,TJ7FX2,0,02/02/1992,"702-8288 Eu, Road",Orbais,0800 1111,10/01/2020,,6
1078,user,Ima Sexton,Ora,ZW9QX9,0,05/08/1990,Ap #603-7475 Magna. Avenue,Uddevalla,(027) 3383 3795,14/04/2019,,9
1079,user,Kirby Stevenson,Gavin,VJ3YP3,0,04/04/1967,"P.O. Box 591, 5467 Nullam Ave",Baie-Saint-Paul,(0112) 064 7121,02/12/2019,,15
1080,user,Tasha Lancaster,Kenyon,JR7PX8,0,26/12/2001,1799 Odio Avenue,La Cruz,055 7299 4773,31/08/2019,,7
1081,user,Melinda Hoffman,Mohammad,AL2SS2,0,02/03/1972,"P.O. Box 211, 7828 Vel Rd.",Sossano,0307 775 3484,16/02/2020,,7
1082,user,Aurelia Leach,Jacob,DU9BV4,0,01/10/1998,7689 Taciti Road,Karachev,070 6642 5322,30/11/2019,,8
1083,user,Fay Leonard,Cameron,FL1RE5,0,27/05/1981,Ap #798-6651 Libero Road,Opole,056 3740 5226,08/12/2019,,5
1084,user,Stewart Levy,Wilma,CA3XN4,0,14/08/1977,"9893 Eget, Avenue",Armadale,0800 1111,10/10/2019,,8
1085,user,Palmer Kirkland,Cooper,PU7PB9,0,16/01/1953,4003 Sed Street,Burntisland,07624 440878,10/05/2019,,11
1086,user,Emmanuel Solomon,Grace,LK3BQ0,0,14/07/1986,3375 Adipiscing St.,Swindon,070 7210 8549,05/07/2019,,7
1087,user,Phillip Wyatt,Sean,GB4FL0,0,23/09/1962,Ap #501-2696 Arcu St.,Geertruidenberg,055 6005 4062,17/03/2019,,15
1088,user,Ebony Dillon,Giacomo,TE3UM6,0,07/10/1973,574-9844 Dui. Avenue,Oudenburg,0800 522856,27/01/2020,,9
1089,user,Gregory Floyd,Kelly,IB5RP6,0,01/03/1950,Ap #919-9865 Duis Road,Lanester,0388 270 6755,01/05/2019,,8
1090,user,Fuller Clark,Hyatt,BU5HT8,0,08/07/1971,Ap #981-8307 Metus Road,Owensboro,0845 46 41,25/05/2019,,9
1091,user,Dale Massey,Lee,NM1YW3,0,09/01/1988,927-1527 Sociis Avenue,ThimÅ½on,0816 616 8721,20/01/2020,,8
1092,user,Octavius Clarke,Conan,HA9EE2,0,17/03/1974,Ap #949-3130 Elit. St.,Chippenham,076 1965 5127,12/06/2019,,10
1093,user,Hasad Bender,Xenos,BH1TJ6,0,27/03/1954,Ap #884-7632 Imperdiet Road,Lacombe,07624 854913,09/05/2019,,7
1094,user,Hedley Kemp,Brielle,RX6YX0,0,19/12/1958,Ap #892-7393 Lacus. Avenue,Sant'Urbano,076 4236 1742,17/08/2019,,11
1095,user,Colorado Whitaker,Kiona,UY7WV8,0,24/09/1991,419-8885 Ornare St.,Balikpapan,(025) 6544 1130,11/12/2019,,10
1096,user,Lila Sears,Jaquelyn,QM0PE7,0,23/03/1985,"P.O. Box 561, 9603 Congue Rd.",Haddington,0500 952185,25/08/2019,,10
1097,user,Jasmine Randolph,Pascale,QW5HD2,0,19/03/1996,1130 Erat Street,Greymouth,(01392) 11178,30/07/2019,,9
1098,user,Nash Holden,Gail,RF0RG0,0,21/07/1988,"2429 Nec, Av.",Anamur,076 6154 7083,25/04/2019,,6
1099,user,Calvin Perez,Kaden,IQ9HZ8,0,18/10/1952,Ap #616-7978 Ut Street,Yeongju,(01913) 799527,28/07/2019,,7
